<PAMDataset>
  <PAMRasterBand band="1">
    <Description>Band_2</Description>
    <Histograms>
      <HistItem>
        <HistMin>-0.4505301415920258</HistMin>
        <HistMax>0.7074084877967834</HistMax>
        <BucketCount>256</BucketCount>
        <IncludeOutOfRange>1</IncludeOutOfRange>
        <Approximate>0</Approximate>
        <HistCounts>1|0|1|3|1|1|1|5|4|2|2|4|5|6|4|4|6|7|4|8|7|9|9|8|10|22|12|12|19|10|15|14|23|15|16|21|15|15|16|13|12|12|7|13|6|11|10|14|13|7|7|15|9|7|9|8|5|9|8|10|8|3|4|6|8|2|2|5|4|7|3|4|3|4|6|5|2|5|4|3|3|3|8|10|2|8|4|2|3|7|2|5|4|2|8|5|8|5|3|5|7|5|1|7|7|6|3|6|7|7|2|4|1|6|5|6|6|4|5|5|5|4|3|6|9|7|1|5|12|6|6|1|3|12|5|10|10|8|12|6|5|9|9|5|10|18|10|9|8|10|12|17|12|8|11|9|19|10|13|18|16|20|25|20|19|18|21|24|23|20|24|27|23|32|33|28|35|24|36|41|45|46|38|39|40|43|43|39|43|60|66|50|47|71|61|72|73|92|79|81|97|73|96|95|97|73|98|104|110|103|100|101|116|127|113|120|116|117|157|122|128|118|106|128|113|107|118|108|100|101|94|77|78|76|66|75|54|45|50|24|37|25|22|21|8|8|7|7|4|5|4|4|2|0|0|1</HistCounts>
      </HistItem>
    </Histograms>
    <Metadata>
      <MDI key="STATISTICS_MINIMUM">-0.45053014159203</MDI>
      <MDI key="STATISTICS_MAXIMUM">0.70740848779678</MDI>
      <MDI key="STATISTICS_MEAN">0.39811421896167</MDI>
      <MDI key="STATISTICS_STDDEV">0.25033384868219</MDI>
      <MDI key="STATISTICS_MEDIAN">nan</MDI>
      <MDI key="STATISTICS_COUNT">6873.000000</MDI>
      <MDI key="STATISTICS_SKIPFACTORX">1</MDI>
      <MDI key="STATISTICS_SKIPFACTORY">1</MDI>
      <MDI key="STATISTICS_EXCLUDEDVALUES"></MDI>
    </Metadata>
  </PAMRasterBand>
</PAMDataset>
