<PAMDataset>
  <PAMRasterBand band="1">
    <Histograms>
      <HistItem>
        <HistMin>0</HistMin>
        <HistMax>65519</HistMax>
        <BucketCount>256</BucketCount>
        <IncludeOutOfRange>1</IncludeOutOfRange>
        <Approximate>0</Approximate>
        <HistCounts>1895|0|0|0|0|0|0|0|0|0|0|0|0|0|0|0|0|0|0|0|0|0|1|1|5|6|5|8|13|13|12|18|32|30|37|40|43|53|57|62|59|77|80|74|89|91|89|82|93|105|119|116|124|119|116|129|114|130|123|99|131|112|140|139|145|169|140|143|145|158|144|131|156|150|166|137|148|148|164|144|129|165|146|158|158|152|141|135|164|134|120|131|149|130|127|138|133|111|132|132|108|137|117|95|111|111|116|113|117|96|93|97|110|83|105|91|82|80|80|81|65|83|65|77|61|65|65|56|56|47|69|55|43|55|46|60|46|41|41|52|41|28|26|30|27|37|46|25|26|28|15|15|13|27|17|18|15|23|13|12|18|16|15|9|13|6|9|10|9|5|6|9|7|8|7|8|3|9|2|0|8|5|0|4|2|3|3|2|1|1|5|2|2|1|4|0|2|2|1|0|2|0|1|2|0|0|0|0|0|2|0|2|0|0|0|2|0|0|1|0|0|2|0|0|2|0|0|0|0|1|0|0|0|1|0|0|0|0|0|0|0|0|0|1|0|0|1|0|0|0|1|1|0|0|3|1</HistCounts>
      </HistItem>
    </Histograms>
    <Metadata>
      <MDI key="STATISTICS_MINIMUM">0</MDI>
      <MDI key="STATISTICS_MAXIMUM">65519</MDI>
      <MDI key="STATISTICS_MEAN">19464.877921147</MDI>
      <MDI key="STATISTICS_STDDEV">10779.769502818</MDI>
      <MDI key="STATISTICS_MEDIAN">20041.105882</MDI>
      <MDI key="STATISTICS_COUNT">13950.000000</MDI>
      <MDI key="STATISTICS_SKIPFACTORX">1</MDI>
      <MDI key="STATISTICS_SKIPFACTORY">1</MDI>
      <MDI key="STATISTICS_EXCLUDEDVALUES"></MDI>
      <MDI key="STATISTICS_COVARIANCES">116203430.5338801,104345950.772874,87658822.87932709</MDI>
    </Metadata>
  </PAMRasterBand>
  <PAMRasterBand band="2">
    <Histograms>
      <HistItem>
        <HistMin>0</HistMin>
        <HistMax>65195</HistMax>
        <BucketCount>256</BucketCount>
        <IncludeOutOfRange>1</IncludeOutOfRange>
        <Approximate>0</Approximate>
        <HistCounts>1883|0|0|0|0|0|0|0|0|0|0|0|0|0|0|0|0|0|0|0|0|0|0|0|0|0|0|0|0|0|0|0|0|0|0|0|1|2|1|3|1|3|4|5|9|1|9|9|6|10|17|12|12|16|7|17|13|16|20|21|19|21|18|21|29|33|27|33|36|38|34|40|44|44|43|49|48|52|47|40|59|54|65|87|67|67|63|58|47|56|46|67|51|77|63|63|54|52|64|63|68|57|48|61|55|63|61|62|68|65|71|83|60|77|85|75|78|74|107|98|92|101|100|93|101|128|116|100|99|99|121|116|137|123|125|131|103|119|105|120|137|141|163|133|160|163|156|158|136|152|140|147|147|147|141|135|138|149|126|112|125|122|138|125|121|100|111|127|96|136|103|106|105|95|91|97|81|94|90|74|79|74|85|71|62|66|43|56|48|43|57|49|33|36|21|36|26|32|28|32|34|33|19|14|10|9|12|12|7|16|12|11|5|6|8|8|9|9|5|3|5|3|3|3|1|4|2|4|0|1|0|0|0|2|0|1|0|0|0|0|1|0|0|0|0|0|0|0|0|0|0|0|0|0|0|1</HistCounts>
      </HistItem>
    </Histograms>
    <Metadata>
      <MDI key="STATISTICS_MINIMUM">0</MDI>
      <MDI key="STATISTICS_MAXIMUM">65195</MDI>
      <MDI key="STATISTICS_MEAN">30311.61469534</MDI>
      <MDI key="STATISTICS_STDDEV">14688.609378249</MDI>
      <MDI key="STATISTICS_MEDIAN">34003.666667</MDI>
      <MDI key="STATISTICS_COUNT">13950.000000</MDI>
      <MDI key="STATISTICS_SKIPFACTORX">1</MDI>
      <MDI key="STATISTICS_SKIPFACTORY">1</MDI>
      <MDI key="STATISTICS_EXCLUDEDVALUES"></MDI>
      <MDI key="STATISTICS_COVARIANCES">104345950.772874,215755245.4667713,50642011.73257228</MDI>
    </Metadata>
  </PAMRasterBand>
  <PAMRasterBand band="3">
    <Histograms>
      <HistItem>
        <HistMin>0</HistMin>
        <HistMax>65520</HistMax>
        <BucketCount>256</BucketCount>
        <IncludeOutOfRange>1</IncludeOutOfRange>
        <Approximate>0</Approximate>
        <HistCounts>1883|0|0|0|0|0|0|0|0|0|0|0|0|0|0|0|0|0|0|0|1|3|11|16|38|45|59|62|95|117|155|166|185|193|241|217|268|284|311|336|312|287|304|306|282|301|262|263|240|289|242|262|234|213|219|206|187|197|185|159|142|156|160|146|118|129|130|97|108|106|87|96|94|92|88|82|59|62|78|56|55|51|55|58|45|38|33|43|41|48|44|48|42|47|53|44|33|32|27|28|27|24|20|20|23|21|25|30|28|32|21|26|21|19|17|12|20|20|17|22|17|17|13|20|25|17|17|17|14|21|18|15|9|13|13|12|13|12|14|13|8|16|20|14|16|18|14|12|16|8|12|13|14|12|12|12|12|15|12|12|14|10|17|11|11|11|17|9|7|12|8|9|11|9|7|9|4|6|3|5|5|9|6|3|4|4|5|3|4|6|2|4|4|6|6|5|4|5|4|3|3|6|2|2|0|2|2|2|0|1|3|1|1|1|0|0|2|1|2|1|0|0|1|2|2|0|1|0|2|0|0|2|0|1|0|2|0|0|1|1|1|0|0|0|0|0|0|2|1|0|0|0|0|0|4|3</HistCounts>
      </HistItem>
    </Histograms>
    <Metadata>
      <MDI key="STATISTICS_MINIMUM">0</MDI>
      <MDI key="STATISTICS_MAXIMUM">65520</MDI>
      <MDI key="STATISTICS_MEAN">13812.028028674</MDI>
      <MDI key="STATISTICS_STDDEV">9713.0346535145</MDI>
      <MDI key="STATISTICS_MEDIAN">12076.235294</MDI>
      <MDI key="STATISTICS_COUNT">13950.000000</MDI>
      <MDI key="STATISTICS_SKIPFACTORX">1</MDI>
      <MDI key="STATISTICS_SKIPFACTORY">1</MDI>
      <MDI key="STATISTICS_EXCLUDEDVALUES"></MDI>
      <MDI key="STATISTICS_COVARIANCES">87658822.87932709,50642011.73257228,94343042.18037435</MDI>
    </Metadata>
  </PAMRasterBand>
</PAMDataset>
