<?xml version="1.0" encoding="UTF-8"?>
<metadata xml:lang="en"><Esri><CreaDate>20251214</CreaDate><CreaTime>23371400</CreaTime><ArcGISFormat>1.0</ArcGISFormat><SyncOnce>TRUE</SyncOnce><DataProperties><lineage><Process ToolSource="c:\program files\arcgis\pro\Resources\ArcToolbox\toolboxes\Data Management Tools.tbx\CompositeBands" Date="20251214" Time="233714">CompositeBands 'C:\Users\sri63\OneDrive - Iowa State University\Desktop\GIS_final_project\Resampled_Raw_Data_1m_resolution\2025_TP3\resampled_20250825_TP3_Flood_mosaic_green.tif';'C:\Users\sri63\OneDrive - Iowa State University\Desktop\GIS_final_project\Resampled_Raw_Data_1m_resolution\2025_TP3\resampled_20250825_TP3_Flood_mosaic_nir.tif';'C:\Users\sri63\OneDrive - Iowa State University\Desktop\GIS_final_project\Resampled_Raw_Data_1m_resolution\2025_TP3\resampled_20250825_TP3_Flood_mosaic_red.tif' "C:\Users\sri63\OneDrive - Iowa State University\Desktop\GIS_final_project\Resampled_Veg_Indices\TP3_Indices\TP3_20250825_multispectral_mosaic.tif"</Process></lineage></DataProperties></Esri></metadata>
