<PAMDataset>
  <PAMRasterBand band="1">
    <Description>Band_3</Description>
    <Histograms>
      <HistItem>
        <HistMin>-0.471543550491333</HistMin>
        <HistMax>0.3242047727108002</HistMax>
        <BucketCount>256</BucketCount>
        <IncludeOutOfRange>1</IncludeOutOfRange>
        <Approximate>0</Approximate>
        <HistCounts>1|1|1|1|0|2|0|1|3|2|1|1|2|7|3|2|6|4|7|5|5|12|12|6|11|10|19|24|10|17|17|20|17|21|29|29|25|32|38|32|40|41|38|40|45|56|60|43|66|70|58|63|64|57|73|69|80|95|64|69|98|79|79|97|82|92|95|105|100|90|106|90|91|106|87|115|92|100|84|86|80|93|77|75|76|78|84|85|90|90|72|61|78|71|72|60|76|72|54|57|56|57|41|54|42|40|48|48|36|37|35|28|36|35|27|33|22|20|31|24|19|21|19|17|24|20|20|16|17|22|18|10|22|13|12|13|15|9|10|5|15|16|13|15|9|17|13|12|17|16|11|17|22|22|16|22|15|19|19|14|15|12|20|23|9|22|22|17|19|15|20|14|21|11|17|13|11|8|8|13|10|11|11|8|6|9|7|5|2|8|4|2|2|4|3|4|4|4|5|1|4|4|3|2|3|3|0|3|3|1|1|0|1|4|7|2|4|2|3|1|1|0|0|1|2|1|1|0|1|0|0|0|0|0|0|0|0|0|0|0|0|0|0|0|0|0|0|0|0|0|0|0|0|0|0|1</HistCounts>
      </HistItem>
    </Histograms>
    <Metadata>
      <MDI key="STATISTICS_MINIMUM">-0.47154355049133</MDI>
      <MDI key="STATISTICS_MAXIMUM">0.3242047727108</MDI>
      <MDI key="STATISTICS_MEAN">-0.20180015577549</MDI>
      <MDI key="STATISTICS_STDDEV">0.1187946379106</MDI>
      <MDI key="STATISTICS_MEDIAN">nan</MDI>
      <MDI key="STATISTICS_COUNT">6873.000000</MDI>
      <MDI key="STATISTICS_SKIPFACTORX">1</MDI>
      <MDI key="STATISTICS_SKIPFACTORY">1</MDI>
      <MDI key="STATISTICS_EXCLUDEDVALUES"></MDI>
    </Metadata>
  </PAMRasterBand>
</PAMDataset>
