<PAMDataset>
  <PAMRasterBand band="1">
    <Description>Band_1</Description>
    <Histograms>
      <HistItem>
        <HistMin>7580</HistMin>
        <HistMax>64333</HistMax>
        <BucketCount>256</BucketCount>
        <IncludeOutOfRange>1</IncludeOutOfRange>
        <Approximate>0</Approximate>
        <HistCounts>1|1|2|3|5|4|13|9|7|15|14|20|17|25|15|21|18|33|24|27|29|32|43|46|45|51|50|52|54|54|54|47|71|56|57|67|65|57|65|77|74|101|87|80|86|83|104|86|80|90|81|89|91|80|96|86|88|89|91|85|89|84|90|86|103|78|93|75|93|81|67|70|88|60|77|73|75|58|54|71|58|73|55|61|42|50|56|50|66|49|61|55|38|42|51|42|48|38|41|44|37|34|38|35|34|25|30|25|30|28|24|30|31|18|23|22|30|33|23|23|18|19|31|24|18|28|19|18|21|7|9|14|14|16|19|24|12|9|19|7|12|4|15|10|19|8|4|12|10|7|2|16|8|8|7|9|3|3|9|6|7|4|4|6|3|7|6|4|3|4|4|3|0|2|6|2|0|0|2|2|2|1|1|1|1|3|1|2|1|1|2|0|2|1|1|0|0|2|0|0|2|0|0|0|0|0|0|1|1|0|1|0|0|0|1|0|0|0|1|0|0|1|0|0|1|0|0|0|0|0|0|1|0|0|0|1|0|0|0|0|0|0|0|0|0|0|0|1|0|0|0|0|0|0|0|1</HistCounts>
      </HistItem>
    </Histograms>
    <Metadata>
      <MDI key="STATISTICS_MINIMUM">7580</MDI>
      <MDI key="STATISTICS_MAXIMUM">64333</MDI>
      <MDI key="STATISTICS_MEAN">22979.560162957</MDI>
      <MDI key="STATISTICS_STDDEV">7689.2411263878</MDI>
      <MDI key="STATISTICS_MEDIAN">21601.329412</MDI>
      <MDI key="STATISTICS_COUNT">6873.000000</MDI>
      <MDI key="STATISTICS_SKIPFACTORX">1</MDI>
      <MDI key="STATISTICS_SKIPFACTORY">1</MDI>
      <MDI key="STATISTICS_EXCLUDEDVALUES"></MDI>
      <MDI key="STATISTICS_COVARIANCES">59124429.09973376,12722505.36240801,53828633.38421171</MDI>
    </Metadata>
  </PAMRasterBand>
  <PAMRasterBand band="2">
    <Description>Band_2</Description>
    <Histograms>
      <HistItem>
        <HistMin>11071</HistMin>
        <HistMax>60282</HistMax>
        <BucketCount>256</BucketCount>
        <IncludeOutOfRange>1</IncludeOutOfRange>
        <Approximate>0</Approximate>
        <HistCounts>2|0|0|2|0|2|3|3|1|1|5|3|4|6|1|4|8|4|5|7|2|5|4|8|3|6|2|10|11|14|5|13|9|10|11|11|19|14|13|20|12|22|16|18|21|28|22|20|18|26|19|36|31|42|21|33|23|26|28|25|20|24|15|18|30|30|33|25|24|26|23|20|15|21|29|26|21|21|17|21|21|16|32|24|18|25|20|27|24|23|33|29|24|30|29|22|37|23|30|38|26|48|29|40|32|37|37|33|44|51|34|48|36|43|41|49|38|47|57|49|45|60|41|46|49|27|39|43|54|55|52|60|64|56|71|75|68|62|61|58|65|53|74|70|69|54|79|70|71|63|75|63|73|49|61|57|62|59|71|50|66|49|49|58|67|42|64|58|49|51|59|52|45|52|42|43|47|44|49|43|31|36|44|37|46|38|33|31|33|26|29|22|32|28|30|28|30|17|27|17|9|23|14|17|17|9|22|20|15|20|9|12|9|6|3|6|2|5|8|5|6|7|4|5|2|3|4|4|5|5|4|2|5|1|4|1|3|2|1|2|0|4|2|3|1|0|1|0|0|0|0|0|1|0|0|1</HistCounts>
      </HistItem>
    </Histograms>
    <Metadata>
      <MDI key="STATISTICS_MINIMUM">11071</MDI>
      <MDI key="STATISTICS_MAXIMUM">60282</MDI>
      <MDI key="STATISTICS_MEAN">36197.511567001</MDI>
      <MDI key="STATISTICS_STDDEV">9067.5838551682</MDI>
      <MDI key="STATISTICS_MEDIAN">37316.866667</MDI>
      <MDI key="STATISTICS_COUNT">6873.000000</MDI>
      <MDI key="STATISTICS_SKIPFACTORX">1</MDI>
      <MDI key="STATISTICS_SKIPFACTORY">1</MDI>
      <MDI key="STATISTICS_EXCLUDEDVALUES"></MDI>
      <MDI key="STATISTICS_COVARIANCES">12722505.36240801,82221076.97050771,-21370112.78608536</MDI>
    </Metadata>
  </PAMRasterBand>
  <PAMRasterBand band="3">
    <Description>Band_3</Description>
    <Histograms>
      <HistItem>
        <HistMin>6079</HistMin>
        <HistMax>65520</HistMax>
        <BucketCount>256</BucketCount>
        <IncludeOutOfRange>1</IncludeOutOfRange>
        <Approximate>0</Approximate>
        <HistCounts>7|6|16|23|25|40|57|60|67|74|95|112|101|115|115|160|174|179|167|156|176|179|156|165|173|154|158|148|167|128|157|148|125|117|130|115|104|110|88|86|80|95|89|80|68|69|63|65|59|62|46|45|41|51|46|47|36|33|26|30|28|24|25|24|20|27|27|15|17|14|22|18|24|15|17|19|19|14|25|20|9|13|5|9|9|10|7|9|4|9|8|15|14|14|6|12|8|9|9|7|6|4|9|11|4|8|8|8|6|8|7|11|7|7|10|5|10|10|4|7|6|6|5|8|7|7|10|5|6|6|12|2|6|9|11|8|11|11|5|4|9|6|7|7|9|7|7|11|8|6|8|5|6|5|6|8|8|11|7|2|8|7|7|6|6|5|3|6|3|4|2|4|3|2|6|5|2|4|2|5|2|3|4|2|2|2|4|3|5|2|2|5|4|2|1|2|5|3|0|0|1|2|1|1|1|2|1|1|0|0|0|0|1|1|0|0|0|0|0|1|1|2|0|0|0|1|1|0|0|2|0|0|0|1|0|0|1|0|1|0|0|0|0|0|0|0|2|1|0|0|0|0|0|0|1|1</HistCounts>
      </HistItem>
    </Histograms>
    <Metadata>
      <MDI key="STATISTICS_MINIMUM">6079</MDI>
      <MDI key="STATISTICS_MAXIMUM">65520</MDI>
      <MDI key="STATISTICS_MEAN">16002.050050924</MDI>
      <MDI key="STATISTICS_STDDEV">8824.4059982627</MDI>
      <MDI key="STATISTICS_MEDIAN">13072.058824</MDI>
      <MDI key="STATISTICS_COUNT">6873.000000</MDI>
      <MDI key="STATISTICS_SKIPFACTORX">1</MDI>
      <MDI key="STATISTICS_SKIPFACTORY">1</MDI>
      <MDI key="STATISTICS_EXCLUDEDVALUES"></MDI>
      <MDI key="STATISTICS_COVARIANCES">53828633.38421171,-21370112.78608536,77870141.22217427</MDI>
    </Metadata>
  </PAMRasterBand>
</PAMDataset>
