<PAMDataset>
  <PAMRasterBand band="1">
    <Description>Band_3</Description>
    <Histograms>
      <HistItem>
        <HistMin>-0.5446736812591553</HistMin>
        <HistMax>0.1878018528223038</HistMax>
        <BucketCount>256</BucketCount>
        <IncludeOutOfRange>1</IncludeOutOfRange>
        <Approximate>0</Approximate>
        <HistCounts>1|0|1|0|1|3|1|3|3|3|7|6|6|2|7|4|6|6|10|12|10|12|16|10|13|16|15|14|23|32|23|25|36|38|30|36|31|26|42|32|49|63|47|44|40|58|49|64|38|49|58|59|52|45|55|61|56|48|61|47|53|47|35|44|43|43|46|40|49|35|48|32|38|30|33|30|32|28|36|23|24|27|26|24|14|29|34|21|21|24|12|24|15|22|31|22|18|19|16|25|12|14|18|20|5|15|12|14|12|23|13|11|13|15|18|20|13|13|10|8|12|15|20|20|6|12|15|12|10|17|12|17|15|21|9|19|9|11|9|12|15|19|11|14|23|23|12|24|14|21|19|32|16|19|25|27|33|24|18|30|21|14|29|24|30|21|21|31|40|22|18|24|35|30|29|38|25|31|30|29|39|32|48|57|56|39|52|47|54|50|63|53|57|70|53|59|58|60|64|76|57|65|65|61|54|69|58|65|53|56|58|50|40|44|47|49|42|34|33|40|44|32|36|35|32|25|18|28|25|16|19|12|13|11|11|14|9|3|5|5|4|2|1|3|4|2|3|0|0|1|1|0|0|0|1|2</HistCounts>
      </HistItem>
    </Histograms>
    <Metadata>
      <MDI key="STATISTICS_MINIMUM">-0.54467368125916</MDI>
      <MDI key="STATISTICS_MAXIMUM">0.1878018528223</MDI>
      <MDI key="STATISTICS_MEAN">-0.16871427872474</MDI>
      <MDI key="STATISTICS_STDDEV">0.19473514293835</MDI>
      <MDI key="STATISTICS_MEDIAN">nan</MDI>
      <MDI key="STATISTICS_COUNT">6875.000000</MDI>
      <MDI key="STATISTICS_SKIPFACTORX">1</MDI>
      <MDI key="STATISTICS_SKIPFACTORY">1</MDI>
      <MDI key="STATISTICS_EXCLUDEDVALUES"></MDI>
    </Metadata>
  </PAMRasterBand>
</PAMDataset>
