<?xml version="1.0" encoding="UTF-8"?>
<metadata xml:lang="en"><Esri><CreaDate>20251214</CreaDate><CreaTime>23334500</CreaTime><ArcGISFormat>1.0</ArcGISFormat><SyncOnce>TRUE</SyncOnce><DataProperties><lineage><Process ToolSource="c:\program files\arcgis\pro\Resources\ArcToolbox\toolboxes\Data Management Tools.tbx\CompositeBands" Date="20251214" Time="233345">CompositeBands 'C:\Users\sri63\OneDrive - Iowa State University\Desktop\GIS_final_project\Resampled_Raw_Data_1m_resolution\2025_TP1\resampled_20250715_mosaic_green.tif';'C:\Users\sri63\OneDrive - Iowa State University\Desktop\GIS_final_project\Resampled_Raw_Data_1m_resolution\2025_TP1\resampled_20250715_mosaic_nir.tif';'C:\Users\sri63\OneDrive - Iowa State University\Desktop\GIS_final_project\Resampled_Raw_Data_1m_resolution\2025_TP1\resampled_20250715_mosaic_red.tif' "C:\Users\sri63\OneDrive - Iowa State University\Desktop\GIS_final_project\Resampled_Veg_Indices\TP1_Indices\TP1_20250715_multispectral_mosaic.tif"</Process></lineage></DataProperties></Esri></metadata>
