<PAMDataset>
  <PAMRasterBand band="1">
    <Description>Band_1</Description>
    <Histograms>
      <HistItem>
        <HistMin>7652</HistMin>
        <HistMax>64619</HistMax>
        <BucketCount>256</BucketCount>
        <IncludeOutOfRange>1</IncludeOutOfRange>
        <Approximate>0</Approximate>
        <HistCounts>5|2|9|14|17|26|18|36|24|46|31|37|44|37|47|54|44|32|40|40|29|34|35|40|28|38|28|37|30|30|39|26|36|27|32|35|45|18|33|21|43|23|34|26|31|27|33|39|35|38|27|32|39|46|40|56|37|43|46|53|47|45|40|46|60|49|62|59|47|55|65|63|62|70|71|69|50|58|51|68|80|50|65|64|73|86|61|74|75|74|67|83|83|74|59|69|62|78|63|70|65|58|54|56|63|55|62|55|48|69|60|51|40|49|51|34|54|49|44|55|50|38|49|39|33|48|31|42|48|29|26|37|17|30|34|37|34|28|35|24|22|31|22|24|22|16|15|27|23|22|19|16|9|20|15|8|18|13|9|12|13|13|9|10|7|10|10|9|6|10|8|4|8|6|7|3|1|4|7|2|2|2|7|0|6|2|2|2|1|0|2|2|0|2|0|2|1|0|1|2|0|0|1|0|1|0|1|1|0|1|0|0|1|0|0|0|0|0|0|0|0|0|0|1|0|0|0|0|0|0|0|0|0|0|0|1|0|0|0|0|0|0|0|0|0|0|0|0|0|0|0|0|0|0|0|1</HistCounts>
      </HistItem>
    </Histograms>
    <Metadata>
      <MDI key="STATISTICS_MINIMUM">7652</MDI>
      <MDI key="STATISTICS_MAXIMUM">64619</MDI>
      <MDI key="STATISTICS_MEAN">26109.388654545</MDI>
      <MDI key="STATISTICS_STDDEV">9141.0640430122</MDI>
      <MDI key="STATISTICS_MEDIAN">26417.600000</MDI>
      <MDI key="STATISTICS_COUNT">6875.000000</MDI>
      <MDI key="STATISTICS_SKIPFACTORX">1</MDI>
      <MDI key="STATISTICS_SKIPFACTORY">1</MDI>
      <MDI key="STATISTICS_EXCLUDEDVALUES"></MDI>
      <MDI key="STATISTICS_COVARIANCES">83559051.83845131,58623777.14109568,54824760.01313119</MDI>
    </Metadata>
  </PAMRasterBand>
  <PAMRasterBand band="2">
    <Description>Band_2</Description>
    <Histograms>
      <HistItem>
        <HistMin>10136</HistMin>
        <HistMax>62059</HistMax>
        <BucketCount>256</BucketCount>
        <IncludeOutOfRange>1</IncludeOutOfRange>
        <Approximate>0</Approximate>
        <HistCounts>4|10|11|17|33|32|44|42|54|46|41|47|55|67|36|52|57|74|48|67|52|51|49|59|69|65|46|70|67|48|56|57|62|73|62|71|72|77|76|79|65|72|76|78|76|61|64|64|83|68|64|71|43|53|54|58|52|53|57|43|35|53|38|41|31|41|37|30|34|28|32|28|24|25|24|31|29|23|27|24|26|23|22|18|19|14|18|24|22|21|14|24|18|9|13|23|18|18|12|20|21|18|19|17|14|20|20|17|26|18|18|25|11|19|24|21|29|25|16|21|20|25|22|26|24|18|16|26|18|24|25|22|31|31|28|23|27|28|23|22|24|21|29|22|28|33|24|28|17|34|27|38|30|34|41|25|24|32|29|43|25|29|23|23|27|28|26|30|24|22|25|20|28|23|17|26|16|23|26|22|16|27|23|19|18|26|23|26|13|16|10|13|14|16|17|11|15|13|10|17|4|12|16|12|9|10|17|9|13|8|10|6|5|9|7|8|5|10|1|3|7|1|3|2|5|5|4|6|3|1|2|1|2|1|0|0|0|4|1|0|0|1|0|0|0|0|0|0|0|0|0|0|0|0|0|1</HistCounts>
      </HistItem>
    </Histograms>
    <Metadata>
      <MDI key="STATISTICS_MINIMUM">10136</MDI>
      <MDI key="STATISTICS_MAXIMUM">62059</MDI>
      <MDI key="STATISTICS_MEAN">27219.829381818</MDI>
      <MDI key="STATISTICS_STDDEV">12213.770748759</MDI>
      <MDI key="STATISTICS_MEDIAN">22556.796078</MDI>
      <MDI key="STATISTICS_COUNT">6875.000000</MDI>
      <MDI key="STATISTICS_SKIPFACTORX">1</MDI>
      <MDI key="STATISTICS_SKIPFACTORY">1</MDI>
      <MDI key="STATISTICS_EXCLUDEDVALUES"></MDI>
      <MDI key="STATISTICS_COVARIANCES">58623777.14109568,149176195.9032392,-40129344.11467926</MDI>
    </Metadata>
  </PAMRasterBand>
  <PAMRasterBand band="3">
    <Description>Band_3</Description>
    <Histograms>
      <HistItem>
        <HistMin>6300</HistMin>
        <HistMax>62738</HistMax>
        <BucketCount>256</BucketCount>
        <IncludeOutOfRange>1</IncludeOutOfRange>
        <Approximate>0</Approximate>
        <HistCounts>10|13|33|44|49|66|67|72|65|92|81|96|97|96|106|102|99|100|109|104|102|112|104|96|100|107|92|115|90|107|95|102|95|99|76|89|66|85|73|75|82|64|64|61|47|52|52|52|39|43|40|38|48|42|35|26|27|20|25|31|25|19|21|22|15|21|25|21|17|24|32|27|25|25|15|26|16|20|34|25|27|24|27|24|24|25|33|32|19|26|43|38|30|26|31|32|23|31|32|24|28|25|24|29|31|30|33|34|29|25|43|24|28|22|27|26|35|23|37|33|27|22|26|16|26|29|29|16|26|23|27|25|29|24|19|28|17|20|11|17|20|20|23|22|16|12|18|15|10|14|14|17|19|12|8|8|12|12|10|12|13|11|13|8|14|10|9|6|7|5|6|8|3|9|8|5|2|4|4|6|5|7|6|2|5|6|5|2|1|1|1|4|6|1|2|1|4|1|2|3|1|3|2|1|1|2|0|2|1|2|1|0|1|0|1|0|1|0|0|0|0|1|0|0|1|1|0|0|0|0|0|0|1|0|0|0|0|1|0|0|0|0|0|0|0|0|0|1|0|0|0|0|0|0|1|1</HistCounts>
      </HistItem>
    </Histograms>
    <Metadata>
      <MDI key="STATISTICS_MINIMUM">6300</MDI>
      <MDI key="STATISTICS_MAXIMUM">62738</MDI>
      <MDI key="STATISTICS_MEAN">19520.921309091</MDI>
      <MDI key="STATISTICS_STDDEV">10536.947996569</MDI>
      <MDI key="STATISTICS_MEDIAN">15153.019608</MDI>
      <MDI key="STATISTICS_COUNT">6875.000000</MDI>
      <MDI key="STATISTICS_SKIPFACTORX">1</MDI>
      <MDI key="STATISTICS_SKIPFACTORY">1</MDI>
      <MDI key="STATISTICS_EXCLUDEDVALUES"></MDI>
      <MDI key="STATISTICS_COVARIANCES">54824760.01313119,-40129344.11467926,111027273.0824015</MDI>
    </Metadata>
  </PAMRasterBand>
</PAMDataset>
