<PAMDataset>
  <PAMRasterBand band="1">
    <Histograms>
      <HistItem>
        <HistMin>0</HistMin>
        <HistMax>65519</HistMax>
        <BucketCount>256</BucketCount>
        <IncludeOutOfRange>1</IncludeOutOfRange>
        <Approximate>0</Approximate>
        <HistCounts>1895|0|0|0|0|0|0|0|0|0|0|0|0|0|0|0|0|0|0|0|0|0|1|1|5|6|5|8|13|13|12|18|32|30|37|40|43|53|57|62|59|77|80|74|89|91|89|82|93|105|119|116|124|119|116|129|114|130|123|99|131|112|140|139|145|169|140|143|145|158|144|131|156|150|166|137|148|148|164|144|129|165|146|158|158|152|141|135|164|134|120|131|149|130|127|138|133|111|132|132|108|137|117|95|111|111|116|113|117|96|93|97|110|83|105|91|82|80|80|81|65|83|65|77|61|65|65|56|56|47|69|55|43|55|46|60|46|41|41|52|41|28|26|30|27|37|46|25|26|28|15|15|13|27|17|18|15|23|13|12|18|16|15|9|13|6|9|10|9|5|6|9|7|8|7|8|3|9|2|0|8|5|0|4|2|3|3|2|1|1|5|2|2|1|4|0|2|2|1|0|2|0|1|2|0|0|0|0|0|2|0|2|0|0|0|2|0|0|1|0|0|2|0|0|2|0|0|0|0|1|0|0|0|1|0|0|0|0|0|0|0|0|0|1|0|0|1|0|0|0|1|1|0|0|3|1</HistCounts>
      </HistItem>
    </Histograms>
    <Metadata>
      <MDI key="STATISTICS_MINIMUM">0</MDI>
      <MDI key="STATISTICS_MAXIMUM">65519</MDI>
      <MDI key="STATISTICS_MEAN">19464.877921147</MDI>
      <MDI key="STATISTICS_STDDEV">10779.769502818</MDI>
      <MDI key="STATISTICS_MEDIAN">20041.105882</MDI>
      <MDI key="STATISTICS_COUNT">13950.000000</MDI>
      <MDI key="STATISTICS_SKIPFACTORX">1</MDI>
      <MDI key="STATISTICS_SKIPFACTORY">1</MDI>
      <MDI key="STATISTICS_EXCLUDEDVALUES"></MDI>
      <MDI key="STATISTICS_COVARIANCES">116203430.5338801</MDI>
    </Metadata>
  </PAMRasterBand>
</PAMDataset>
