<PAMDataset>
  <PAMRasterBand band="1">
    <Histograms>
      <HistItem>
        <HistMin>0</HistMin>
        <HistMax>65195</HistMax>
        <BucketCount>256</BucketCount>
        <IncludeOutOfRange>1</IncludeOutOfRange>
        <Approximate>0</Approximate>
        <HistCounts>1883|0|0|0|0|0|0|0|0|0|0|0|0|0|0|0|0|0|0|0|0|0|0|0|0|0|0|0|0|0|0|0|0|0|0|0|1|2|1|3|1|3|4|5|9|1|9|9|6|10|17|12|12|16|7|17|13|16|20|21|19|21|18|21|29|33|27|33|36|38|34|40|44|44|43|49|48|52|47|40|59|54|65|87|67|67|63|58|47|56|46|67|51|77|63|63|54|52|64|63|68|57|48|61|55|63|61|62|68|65|71|83|60|77|85|75|78|74|107|98|92|101|100|93|101|128|116|100|99|99|121|116|137|123|125|131|103|119|105|120|137|141|163|133|160|163|156|158|136|152|140|147|147|147|141|135|138|149|126|112|125|122|138|125|121|100|111|127|96|136|103|106|105|95|91|97|81|94|90|74|79|74|85|71|62|66|43|56|48|43|57|49|33|36|21|36|26|32|28|32|34|33|19|14|10|9|12|12|7|16|12|11|5|6|8|8|9|9|5|3|5|3|3|3|1|4|2|4|0|1|0|0|0|2|0|1|0|0|0|0|1|0|0|0|0|0|0|0|0|0|0|0|0|0|0|1</HistCounts>
      </HistItem>
    </Histograms>
    <Metadata>
      <MDI key="STATISTICS_MINIMUM">0</MDI>
      <MDI key="STATISTICS_MAXIMUM">65195</MDI>
      <MDI key="STATISTICS_MEAN">30311.61469534</MDI>
      <MDI key="STATISTICS_STDDEV">14688.609378249</MDI>
      <MDI key="STATISTICS_MEDIAN">34003.666667</MDI>
      <MDI key="STATISTICS_COUNT">13950.000000</MDI>
      <MDI key="STATISTICS_SKIPFACTORX">1</MDI>
      <MDI key="STATISTICS_SKIPFACTORY">1</MDI>
      <MDI key="STATISTICS_EXCLUDEDVALUES"></MDI>
      <MDI key="STATISTICS_COVARIANCES">215755245.4667713</MDI>
    </Metadata>
  </PAMRasterBand>
</PAMDataset>
