<PAMDataset>
  <PAMRasterBand band="1">
    <Histograms>
      <HistItem>
        <HistMin>0</HistMin>
        <HistMax>65520</HistMax>
        <BucketCount>256</BucketCount>
        <IncludeOutOfRange>1</IncludeOutOfRange>
        <Approximate>0</Approximate>
        <HistCounts>1883|0|0|0|0|0|0|0|0|0|0|0|0|0|0|0|0|0|0|0|1|3|11|16|38|45|59|62|95|117|155|166|185|193|241|217|268|284|311|336|312|287|304|306|282|301|262|263|240|289|242|262|234|213|219|206|187|197|185|159|142|156|160|146|118|129|130|97|108|106|87|96|94|92|88|82|59|62|78|56|55|51|55|58|45|38|33|43|41|48|44|48|42|47|53|44|33|32|27|28|27|24|20|20|23|21|25|30|28|32|21|26|21|19|17|12|20|20|17|22|17|17|13|20|25|17|17|17|14|21|18|15|9|13|13|12|13|12|14|13|8|16|20|14|16|18|14|12|16|8|12|13|14|12|12|12|12|15|12|12|14|10|17|11|11|11|17|9|7|12|8|9|11|9|7|9|4|6|3|5|5|9|6|3|4|4|5|3|4|6|2|4|4|6|6|5|4|5|4|3|3|6|2|2|0|2|2|2|0|1|3|1|1|1|0|0|2|1|2|1|0|0|1|2|2|0|1|0|2|0|0|2|0|1|0|2|0|0|1|1|1|0|0|0|0|0|0|2|1|0|0|0|0|0|4|3</HistCounts>
      </HistItem>
    </Histograms>
    <Metadata>
      <MDI key="STATISTICS_MINIMUM">0</MDI>
      <MDI key="STATISTICS_MAXIMUM">65520</MDI>
      <MDI key="STATISTICS_MEAN">13812.028028674</MDI>
      <MDI key="STATISTICS_STDDEV">9713.0346535145</MDI>
      <MDI key="STATISTICS_MEDIAN">12076.235294</MDI>
      <MDI key="STATISTICS_COUNT">13950.000000</MDI>
      <MDI key="STATISTICS_SKIPFACTORX">1</MDI>
      <MDI key="STATISTICS_SKIPFACTORY">1</MDI>
      <MDI key="STATISTICS_EXCLUDEDVALUES"></MDI>
      <MDI key="STATISTICS_COVARIANCES">94343042.18037435</MDI>
    </Metadata>
  </PAMRasterBand>
</PAMDataset>
