<PAMDataset>
  <PAMRasterBand band="1">
    <Description>Band_1</Description>
    <Histograms>
      <HistItem>
        <HistMin>7453</HistMin>
        <HistMax>58390</HistMax>
        <BucketCount>256</BucketCount>
        <IncludeOutOfRange>1</IncludeOutOfRange>
        <Approximate>0</Approximate>
        <HistCounts>2|2|1|0|4|4|3|5|4|7|8|6|5|12|8|7|9|9|7|12|7|14|11|4|10|11|9|12|18|20|25|20|19|20|22|23|30|36|27|31|41|30|36|36|34|50|36|41|45|53|50|46|54|58|55|49|58|59|55|46|57|63|74|74|81|77|70|88|79|52|77|82|94|95|72|80|70|75|86|72|80|72|79|93|64|78|60|65|84|74|77|78|73|62|70|71|69|66|69|61|52|68|71|65|66|55|70|54|56|74|57|50|48|58|55|52|43|47|50|38|42|47|44|42|24|40|46|30|36|26|39|35|34|35|31|36|28|24|24|32|28|31|15|24|23|20|30|17|21|19|21|16|17|20|12|15|14|21|13|11|14|20|10|5|10|16|14|6|6|7|8|5|7|8|10|2|6|4|7|9|6|3|6|4|3|2|5|5|3|6|3|3|7|2|1|1|4|0|2|2|2|4|1|2|3|1|1|0|0|2|1|1|1|1|2|0|0|0|2|0|2|2|0|0|0|0|0|0|0|2|2|1|0|0|1|0|0|0|0|1|0|1|0|1|1|0|0|1|0|0|0|0|0|0|0|1</HistCounts>
      </HistItem>
    </Histograms>
    <Metadata>
      <MDI key="STATISTICS_MINIMUM">7453</MDI>
      <MDI key="STATISTICS_MAXIMUM">58390</MDI>
      <MDI key="STATISTICS_MEAN">25439.976138513</MDI>
      <MDI key="STATISTICS_STDDEV">7376.2558816845</MDI>
      <MDI key="STATISTICS_MEDIAN">24631.752941</MDI>
      <MDI key="STATISTICS_COUNT">6873.000000</MDI>
      <MDI key="STATISTICS_SKIPFACTORX">1</MDI>
      <MDI key="STATISTICS_SKIPFACTORY">1</MDI>
      <MDI key="STATISTICS_EXCLUDEDVALUES"></MDI>
      <MDI key="STATISTICS_COVARIANCES">54409150.8320851,31672327.27748149,36710869.24684928</MDI>
    </Metadata>
  </PAMRasterBand>
  <PAMRasterBand band="2">
    <Description>Band_2</Description>
    <Histograms>
      <HistItem>
        <HistMin>9760</HistMin>
        <HistMax>62132</HistMax>
        <BucketCount>256</BucketCount>
        <IncludeOutOfRange>1</IncludeOutOfRange>
        <Approximate>0</Approximate>
        <HistCounts>2|2|2|2|2|2|2|10|8|6|13|12|9|8|16|19|24|16|21|25|25|18|27|25|24|28|22|19|26|13|28|29|19|18|27|25|27|24|28|18|28|21|19|23|13|34|21|15|16|25|17|16|21|26|17|16|23|15|9|16|17|18|11|8|14|12|18|21|15|16|13|7|16|14|15|13|11|16|13|13|9|9|12|8|9|12|14|13|18|18|6|10|18|9|10|13|19|15|16|18|21|21|18|16|19|14|15|12|16|23|22|16|18|18|10|25|23|21|19|27|25|35|31|29|28|35|27|33|36|38|30|29|43|40|39|37|46|41|49|51|43|31|45|55|47|56|45|65|61|55|58|53|61|60|57|66|69|70|62|60|67|74|74|71|58|79|78|74|65|88|79|82|83|68|65|69|70|65|68|71|88|70|75|59|55|66|62|62|56|71|66|47|39|52|45|48|37|41|33|48|40|25|41|23|32|24|28|23|20|28|17|23|21|13|15|11|11|7|9|5|11|4|4|3|6|6|3|1|1|6|4|3|1|2|7|3|1|1|2|0|0|3|0|0|0|0|0|1|0|1|0|0|0|0|0|1</HistCounts>
      </HistItem>
    </Histograms>
    <Metadata>
      <MDI key="STATISTICS_MINIMUM">9760</MDI>
      <MDI key="STATISTICS_MAXIMUM">62132</MDI>
      <MDI key="STATISTICS_MEAN">37990.919831223</MDI>
      <MDI key="STATISTICS_STDDEV">11419.181200404</MDI>
      <MDI key="STATISTICS_MEDIAN">41388.580392</MDI>
      <MDI key="STATISTICS_COUNT">6873.000000</MDI>
      <MDI key="STATISTICS_SKIPFACTORX">1</MDI>
      <MDI key="STATISTICS_SKIPFACTORY">1</MDI>
      <MDI key="STATISTICS_EXCLUDEDVALUES"></MDI>
      <MDI key="STATISTICS_COVARIANCES">31672327.27748149,130397699.2876637,-15653510.72964155</MDI>
    </Metadata>
  </PAMRasterBand>
  <PAMRasterBand band="3">
    <Description>Band_3</Description>
    <Histograms>
      <HistItem>
        <HistMin>6462</HistMin>
        <HistMax>63452</HistMax>
        <BucketCount>256</BucketCount>
        <IncludeOutOfRange>1</IncludeOutOfRange>
        <Approximate>0</Approximate>
        <HistCounts>2|4|3|8|6|16|13|16|17|22|26|35|28|72|48|58|60|67|82|87|92|100|97|90|93|119|122|129|126|123|109|107|110|115|100|111|119|109|120|96|93|98|80|100|74|102|89|85|99|89|95|90|112|85|88|78|80|92|57|62|75|65|72|67|59|59|63|59|55|60|43|43|38|47|41|40|37|35|36|38|38|34|42|35|31|28|31|27|22|28|21|32|18|24|24|18|24|18|25|18|26|22|17|13|13|21|17|14|11|22|9|13|16|13|13|7|10|16|9|12|9|5|10|9|8|16|8|9|10|11|8|11|2|10|5|12|8|11|7|7|3|6|7|5|8|3|10|5|6|5|1|4|5|7|6|4|7|6|3|3|5|2|3|5|2|4|3|2|4|5|2|3|3|2|7|1|2|4|2|2|3|2|1|1|2|3|5|2|1|3|0|1|0|5|0|2|0|1|2|1|0|1|3|1|2|0|0|0|2|0|0|1|0|1|1|1|1|0|1|1|1|1|0|0|0|0|0|0|0|1|0|0|1|1|1|0|0|1|0|0|0|0|0|0|0|0|1|0|0|0|0|0|0|0|1|1</HistCounts>
      </HistItem>
    </Histograms>
    <Metadata>
      <MDI key="STATISTICS_MINIMUM">6462</MDI>
      <MDI key="STATISTICS_MAXIMUM">63452</MDI>
      <MDI key="STATISTICS_MEAN">18636.709442747</MDI>
      <MDI key="STATISTICS_STDDEV">7833.8001413894</MDI>
      <MDI key="STATISTICS_MEDIAN">16742.549020</MDI>
      <MDI key="STATISTICS_COUNT">6873.000000</MDI>
      <MDI key="STATISTICS_SKIPFACTORX">1</MDI>
      <MDI key="STATISTICS_SKIPFACTORY">1</MDI>
      <MDI key="STATISTICS_EXCLUDEDVALUES"></MDI>
      <MDI key="STATISTICS_COVARIANCES">36710869.24684928,-15653510.72964155,61368424.6552324</MDI>
    </Metadata>
  </PAMRasterBand>
</PAMDataset>
