<PAMDataset>
  <PAMRasterBand band="1">
    <Description>Band_2</Description>
    <Histograms>
      <HistItem>
        <HistMin>-0.5395241975784302</HistMin>
        <HistMax>0.6881375908851624</HistMax>
        <BucketCount>256</BucketCount>
        <IncludeOutOfRange>1</IncludeOutOfRange>
        <Approximate>0</Approximate>
        <HistCounts>1|1|0|1|0|0|1|1|2|0|1|2|1|2|0|2|5|3|1|3|1|3|5|4|3|5|8|6|6|5|6|2|7|7|12|8|11|7|6|9|5|12|7|11|14|14|18|12|15|19|23|18|14|22|16|15|18|15|16|19|13|18|13|13|16|13|8|13|11|13|9|12|7|10|9|8|15|11|9|12|4|9|12|10|15|6|12|7|7|13|16|10|5|12|6|9|12|3|6|9|13|9|8|6|3|4|5|1|4|6|5|3|2|5|4|6|6|4|2|13|10|4|7|4|3|10|5|6|10|5|11|7|8|4|9|10|8|9|12|7|11|13|12|14|6|19|12|24|19|11|15|24|17|18|18|17|19|28|23|26|22|21|24|30|32|35|38|33|40|30|44|38|28|40|37|41|50|59|52|47|53|49|68|70|73|73|69|66|65|66|76|66|67|69|92|87|74|90|78|100|80|86|75|91|100|88|89|101|75|91|81|87|81|83|85|86|67|53|65|77|75|80|91|76|69|73|61|65|68|64|77|70|73|47|59|58|50|47|50|42|40|40|33|36|20|18|16|14|14|8|12|9|10|1|1|2</HistCounts>
      </HistItem>
    </Histograms>
    <Metadata>
      <MDI key="STATISTICS_MINIMUM">-0.53952419757843</MDI>
      <MDI key="STATISTICS_MAXIMUM">0.68813759088516</MDI>
      <MDI key="STATISTICS_MEAN">0.33072224486888</MDI>
      <MDI key="STATISTICS_STDDEV">0.25945752484999</MDI>
      <MDI key="STATISTICS_MEDIAN">nan</MDI>
      <MDI key="STATISTICS_COUNT">6873.000000</MDI>
      <MDI key="STATISTICS_SKIPFACTORX">1</MDI>
      <MDI key="STATISTICS_SKIPFACTORY">1</MDI>
      <MDI key="STATISTICS_EXCLUDEDVALUES"></MDI>
    </Metadata>
  </PAMRasterBand>
</PAMDataset>
