<PAMDataset>
  <PAMRasterBand band="1">
    <Description>Band_3</Description>
    <Histograms>
      <HistItem>
        <HistMin>-0.5529749393463135</HistMin>
        <HistMax>0.3769516944885254</HistMax>
        <BucketCount>256</BucketCount>
        <IncludeOutOfRange>1</IncludeOutOfRange>
        <Approximate>0</Approximate>
        <HistCounts>1|1|0|0|0|0|0|0|0|0|0|1|0|0|1|0|0|1|2|2|4|2|3|4|1|4|3|7|4|5|4|5|4|10|5|12|13|10|10|7|14|20|7|15|15|25|23|18|26|23|22|21|29|21|30|28|41|38|41|45|42|43|48|50|55|63|58|58|45|57|63|62|58|58|70|70|95|70|78|66|77|79|67|70|81|73|61|71|83|65|88|68|53|71|77|70|72|78|81|69|72|71|67|73|70|80|63|76|71|57|69|73|51|61|57|70|56|49|62|62|57|53|61|66|55|50|45|43|51|51|41|37|39|34|45|34|39|38|39|41|37|49|36|36|38|56|48|39|50|50|44|43|30|28|26|23|29|27|22|25|27|16|14|22|25|11|14|20|16|23|10|9|10|16|9|20|14|14|15|12|9|18|12|14|11|18|10|15|16|8|14|8|12|2|7|7|6|6|7|7|5|5|6|4|5|5|1|4|4|6|2|3|3|2|2|2|2|1|0|0|4|1|1|4|1|0|3|1|3|0|1|1|1|0|0|1|4|1|0|1|1|0|1|0|0|0|0|0|0|0|0|0|0|0|0|1</HistCounts>
      </HistItem>
    </Histograms>
    <Metadata>
      <MDI key="STATISTICS_MINIMUM">-0.55297493934631</MDI>
      <MDI key="STATISTICS_MAXIMUM">0.37695169448853</MDI>
      <MDI key="STATISTICS_MEAN">-0.16663124553032</MDI>
      <MDI key="STATISTICS_STDDEV">0.13789438564548</MDI>
      <MDI key="STATISTICS_MEDIAN">nan</MDI>
      <MDI key="STATISTICS_COUNT">6873.000000</MDI>
      <MDI key="STATISTICS_SKIPFACTORX">1</MDI>
      <MDI key="STATISTICS_SKIPFACTORY">1</MDI>
      <MDI key="STATISTICS_EXCLUDEDVALUES"></MDI>
    </Metadata>
  </PAMRasterBand>
</PAMDataset>
