<PAMDataset>
  <PAMRasterBand band="1">
    <Histograms>
      <HistItem>
        <HistMin>0</HistMin>
        <HistMax>62132</HistMax>
        <BucketCount>256</BucketCount>
        <IncludeOutOfRange>1</IncludeOutOfRange>
        <Approximate>0</Approximate>
        <HistCounts>2259|0|0|0|0|0|0|0|0|0|0|0|0|0|0|0|0|0|0|0|0|0|0|0|0|0|0|0|0|0|1|0|0|6|7|9|4|7|11|9|14|18|15|12|22|18|27|29|28|41|38|46|52|53|68|55|52|68|76|70|77|72|63|69|54|64|63|69|49|62|70|71|55|55|55|62|47|41|64|55|49|57|49|44|54|53|44|61|48|42|50|47|41|33|40|48|49|59|42|37|29|48|37|54|35|51|46|49|53|47|47|48|53|47|60|66|47|52|71|57|72|77|76|85|78|70|71|80|84|69|55|74|86|80|71|77|68|99|82|98|88|89|86|84|94|95|97|95|97|95|80|95|106|86|99|85|109|106|92|68|117|101|113|80|109|114|109|119|107|103|111|114|113|111|103|117|135|124|107|113|131|110|118|137|119|116|103|107|109|90|108|106|120|108|98|82|95|94|78|84|96|73|61|65|67|57|64|57|60|46|58|36|42|39|45|30|35|27|32|27|18|15|15|12|12|11|6|7|7|6|5|4|2|8|8|3|1|6|6|3|1|2|0|2|1|0|0|1|1|0|1|1|0|0|0|1</HistCounts>
      </HistItem>
    </Histograms>
    <Metadata>
      <MDI key="STATISTICS_MINIMUM">0</MDI>
      <MDI key="STATISTICS_MAXIMUM">62132</MDI>
      <MDI key="STATISTICS_MEAN">29369.342922976</MDI>
      <MDI key="STATISTICS_STDDEV">16356.179492063</MDI>
      <MDI key="STATISTICS_MEDIAN">33380.721569</MDI>
      <MDI key="STATISTICS_COUNT">15190.000000</MDI>
      <MDI key="STATISTICS_SKIPFACTORX">1</MDI>
      <MDI key="STATISTICS_SKIPFACTORY">1</MDI>
      <MDI key="STATISTICS_EXCLUDEDVALUES"></MDI>
      <MDI key="STATISTICS_COVARIANCES">267524607.5765832</MDI>
    </Metadata>
  </PAMRasterBand>
</PAMDataset>
