<PAMDataset>
  <PAMRasterBand band="1">
    <Histograms>
      <HistItem>
        <HistMin>0</HistMin>
        <HistMax>65520</HistMax>
        <BucketCount>256</BucketCount>
        <IncludeOutOfRange>1</IncludeOutOfRange>
        <Approximate>0</Approximate>
        <HistCounts>2291|0|0|0|0|0|0|0|0|0|0|0|0|0|0|0|0|0|0|0|0|0|1|0|3|1|6|8|11|22|16|31|33|36|42|42|51|33|45|58|63|58|51|61|61|62|61|49|65|69|62|83|91|79|80|87|97|105|108|88|106|96|109|116|136|125|130|120|125|133|159|147|138|133|136|139|155|177|187|166|149|175|146|150|156|183|157|154|138|134|143|134|140|155|121|137|128|132|147|132|139|145|139|136|134|126|127|123|134|127|120|140|121|131|119|119|108|135|111|95|113|100|103|109|97|86|98|96|84|83|79|84|93|82|81|75|63|75|63|64|58|63|52|51|42|57|35|39|40|33|44|32|29|24|42|22|18|26|27|15|14|14|18|18|17|12|14|7|15|11|9|9|7|7|7|10|9|7|10|3|3|5|4|2|5|7|5|2|4|3|4|5|2|4|3|4|3|3|2|3|5|5|0|1|1|2|1|2|4|1|0|1|0|1|1|0|1|1|0|1|0|1|0|0|1|0|0|1|1|0|0|0|0|0|0|0|0|0|0|0|0|0|0|0|0|0|0|0|0|0|0|0|0|0|6|1</HistCounts>
      </HistItem>
    </Histograms>
    <Metadata>
      <MDI key="STATISTICS_MINIMUM">0</MDI>
      <MDI key="STATISTICS_MAXIMUM">65520</MDI>
      <MDI key="STATISTICS_MEAN">20564.905727452</MDI>
      <MDI key="STATISTICS_STDDEV">11586.645832752</MDI>
      <MDI key="STATISTICS_MEDIAN">21583.058824</MDI>
      <MDI key="STATISTICS_COUNT">15190.000000</MDI>
      <MDI key="STATISTICS_SKIPFACTORX">1</MDI>
      <MDI key="STATISTICS_SKIPFACTORY">1</MDI>
      <MDI key="STATISTICS_EXCLUDEDVALUES"></MDI>
      <MDI key="STATISTICS_COVARIANCES">134250361.6536315</MDI>
    </Metadata>
  </PAMRasterBand>
</PAMDataset>
