<PAMDataset>
  <PAMRasterBand band="1">
    <Histograms>
      <HistItem>
        <HistMin>0</HistMin>
        <HistMax>65520</HistMax>
        <BucketCount>256</BucketCount>
        <IncludeOutOfRange>1</IncludeOutOfRange>
        <Approximate>0</Approximate>
        <HistCounts>2258|0|0|0|0|0|0|0|0|0|0|0|0|0|0|0|0|0|0|0|0|2|4|8|18|37|49|71|71|94|109|93|113|125|120|136|152|174|163|205|199|206|215|229|249|226|229|238|252|237|253|223|219|239|216|214|236|222|229|198|205|170|177|187|173|172|166|189|177|174|157|156|167|125|154|127|115|122|120|115|118|98|120|106|117|106|78|95|71|100|74|66|67|75|69|73|69|72|65|64|54|46|61|50|61|48|63|51|51|41|47|34|43|46|30|27|31|35|38|27|38|22|23|22|25|17|18|30|18|17|24|13|19|22|24|17|16|17|18|23|8|11|16|14|22|10|11|6|18|11|9|16|13|10|10|8|8|10|14|10|10|13|7|5|9|8|6|6|8|6|7|9|9|12|5|6|9|7|2|7|5|6|5|3|2|2|6|5|3|3|2|0|2|6|3|3|2|2|1|1|3|2|2|2|0|1|3|0|2|1|2|3|1|1|1|1|1|2|0|0|0|1|1|0|1|0|1|0|2|0|1|1|0|0|0|1|0|0|0|1|0|0|0|0|0|0|2|0|0|2|0|1|0|1|7|2</HistCounts>
      </HistItem>
    </Histograms>
    <Metadata>
      <MDI key="STATISTICS_MINIMUM">0</MDI>
      <MDI key="STATISTICS_MAXIMUM">65520</MDI>
      <MDI key="STATISTICS_MEAN">15052.855628703</MDI>
      <MDI key="STATISTICS_STDDEV">9803.9567839551</MDI>
      <MDI key="STATISTICS_MEDIAN">14131.764706</MDI>
      <MDI key="STATISTICS_COUNT">15190.000000</MDI>
      <MDI key="STATISTICS_SKIPFACTORX">1</MDI>
      <MDI key="STATISTICS_SKIPFACTORY">1</MDI>
      <MDI key="STATISTICS_EXCLUDEDVALUES"></MDI>
      <MDI key="STATISTICS_COVARIANCES">96117568.62165993</MDI>
    </Metadata>
  </PAMRasterBand>
</PAMDataset>
