<PAMDataset>
  <PAMRasterBand band="1">
    <Description>Band_3</Description>
    <Histograms>
      <HistItem>
        <HistMin>-0.5529749393463135</HistMin>
        <HistMax>0.3769516944885254</HistMax>
        <BucketCount>256</BucketCount>
        <IncludeOutOfRange>1</IncludeOutOfRange>
        <Approximate>0</Approximate>
        <HistCounts>1|1|0|0|0|0|0|0|0|0|0|1|0|0|1|0|0|1|2|2|4|2|3|4|2|3|4|6|4|6|3|6|4|10|6|12|12|11|10|8|13|18|12|12|19|21|23|24|21|24|19|29|21|27|32|25|41|37|50|40|40|47|47|51|61|59|59|54|48|59|65|64|49|68|72|67|94|79|67|72|82|79|67|66|84|67|65|74|82|73|81|57|61|80|69|73|72|78|73|77|65|76|75|70|70|73|76|74|58|66|66|66|62|57|58|68|49|60|63|57|55|59|64|57|53|49|47|45|49|46|41|38|40|38|40|33|36|41|42|38|48|33|43|38|47|46|49|48|45|50|43|33|31|30|19|27|32|19|28|25|23|15|17|20|21|13|18|16|16|18|9|12|15|11|19|14|12|16|9|14|15|11|16|11|16|14|15|13|7|18|8|8|7|5|8|5|5|7|8|7|4|7|3|3|8|0|4|5|6|1|4|2|3|2|2|2|1|0|0|4|1|0|5|1|0|3|1|3|0|1|1|1|0|0|1|4|1|0|1|1|0|0|1|0|0|0|0|0|0|0|0|0|0|0|0|1</HistCounts>
      </HistItem>
    </Histograms>
    <Metadata>
      <MDI key="STATISTICS_MINIMUM">-0.55297493934631</MDI>
      <MDI key="STATISTICS_MAXIMUM">0.37695169448853</MDI>
      <MDI key="STATISTICS_MEAN">-0.16663124553032</MDI>
      <MDI key="STATISTICS_STDDEV">0.13789438564548</MDI>
      <MDI key="STATISTICS_MEDIAN">-0.184651</MDI>
      <MDI key="STATISTICS_COUNT">6873.000000</MDI>
      <MDI key="STATISTICS_SKIPFACTORX">1</MDI>
      <MDI key="STATISTICS_SKIPFACTORY">1</MDI>
      <MDI key="STATISTICS_EXCLUDEDVALUES"></MDI>
      <MDI key="STATISTICS_COVARIANCES">0.01901486159254482</MDI>
    </Metadata>
  </PAMRasterBand>
</PAMDataset>
