<PAMDataset>
  <PAMRasterBand band="1">
    <Description>Band_3</Description>
    <Histograms>
      <HistItem>
        <HistMin>-0.471543550491333</HistMin>
        <HistMax>0.3242047727108002</HistMax>
        <BucketCount>256</BucketCount>
        <IncludeOutOfRange>1</IncludeOutOfRange>
        <Approximate>0</Approximate>
        <HistCounts>1|1|1|1|0|2|0|1|4|1|1|1|2|7|3|2|6|4|7|5|5|13|10|7|10|9|22|24|8|16|17|20|16|22|31|28|22|30|37|33|39|37|35|46|47|60|52|45|68|69|51|55|57|68|76|62|82|92|57|81|89|79|80|92|86|99|101|84|111|93|98|89|96|103|85|109|93|87|85|92|87|73|83|69|82|78|90|74|89|80|70|76|71|62|62|74|77|63|51|58|54|55|43|52|42|41|50|39|33|40|34|28|35|29|27|34|19|23|30|15|26|16|19|14|27|14|20|21|17|13|17|15|16|16|11|11|12|10|6|9|15|11|17|9|12|16|10|14|15|13|17|13|21|16|20|13|20|15|13|13|12|14|22|12|15|21|17|22|11|16|18|23|12|14|12|9|9|9|13|10|9|10|9|8|7|5|9|1|5|5|4|1|3|5|3|4|4|5|1|4|5|3|0|4|3|0|3|2|2|1|0|1|3|7|1|4|3|3|1|1|0|0|1|1|1|1|0|1|0|0|0|0|0|0|0|0|0|0|0|0|0|0|0|0|0|0|0|0|0|0|0|0|0|0|0|1</HistCounts>
      </HistItem>
    </Histograms>
    <Metadata>
      <MDI key="STATISTICS_MINIMUM">-0.47154355049133</MDI>
      <MDI key="STATISTICS_MAXIMUM">0.3242047727108</MDI>
      <MDI key="STATISTICS_MEAN">-0.20308489609625</MDI>
      <MDI key="STATISTICS_STDDEV">0.11767745569322</MDI>
      <MDI key="STATISTICS_MEDIAN">-0.228138</MDI>
      <MDI key="STATISTICS_COUNT">6701.000000</MDI>
      <MDI key="STATISTICS_SKIPFACTORX">1</MDI>
      <MDI key="STATISTICS_SKIPFACTORY">1</MDI>
      <MDI key="STATISTICS_EXCLUDEDVALUES"></MDI>
      <MDI key="STATISTICS_COVARIANCES">0.01384798357842958</MDI>
    </Metadata>
  </PAMRasterBand>
</PAMDataset>
