<PAMDataset>
  <PAMRasterBand band="1">
    <Description>Band_3</Description>
    <Histograms>
      <HistItem>
        <HistMin>-0.471543550491333</HistMin>
        <HistMax>0.3242047727108002</HistMax>
        <BucketCount>256</BucketCount>
        <IncludeOutOfRange>1</IncludeOutOfRange>
        <Approximate>0</Approximate>
        <HistCounts>1|1|1|1|0|2|0|1|4|1|1|1|2|7|3|2|6|4|7|5|5|13|11|7|11|9|22|24|8|16|17|20|18|22|31|28|24|34|39|33|39|41|35|46|47|60|55|45|70|74|54|56|62|68|77|63|85|92|58|84|89|83|80|92|88|100|102|84|111|93|100|91|98|105|86|111|95|89|87|93|87|76|84|70|83|80|92|78|91|80|70|77|71|63|62|75|80|64|52|58|54|55|44|53|42|42|51|39|33|40|35|30|35|30|27|35|21|24|30|15|27|16|21|14|27|15|21|21|20|13|18|15|16|16|12|11|13|11|7|10|17|12|17|9|13|16|12|16|16|13|20|14|23|17|23|16|20|18|14|17|12|15|22|12|18|24|19|23|12|17|18|23|13|14|14|9|10|9|13|11|9|10|10|8|7|5|9|2|5|5|4|1|3|5|3|4|4|5|1|4|5|3|1|4|3|0|3|2|2|1|0|1|4|7|1|4|3|3|1|1|0|0|1|2|1|1|0|1|0|0|0|0|0|0|0|0|0|0|0|0|0|0|0|0|0|0|0|0|0|0|0|0|0|0|0|1</HistCounts>
      </HistItem>
    </Histograms>
    <Metadata>
      <MDI key="STATISTICS_MINIMUM">-0.47154355049133</MDI>
      <MDI key="STATISTICS_MAXIMUM">0.3242047727108</MDI>
      <MDI key="STATISTICS_MEAN">-0.20180015577549</MDI>
      <MDI key="STATISTICS_STDDEV">0.1187946379106</MDI>
      <MDI key="STATISTICS_MEDIAN">-0.228138</MDI>
      <MDI key="STATISTICS_COUNT">6873.000000</MDI>
      <MDI key="STATISTICS_SKIPFACTORX">1</MDI>
      <MDI key="STATISTICS_SKIPFACTORY">1</MDI>
      <MDI key="STATISTICS_EXCLUDEDVALUES"></MDI>
      <MDI key="STATISTICS_COVARIANCES">0.01411216599631173</MDI>
    </Metadata>
  </PAMRasterBand>
</PAMDataset>
