<PAMDataset>
  <PAMRasterBand band="1">
    <Description>Band_3</Description>
    <Histograms>
      <HistItem>
        <HistMin>-0.5446736812591553</HistMin>
        <HistMax>0.1878018528223038</HistMax>
        <BucketCount>256</BucketCount>
        <IncludeOutOfRange>1</IncludeOutOfRange>
        <Approximate>0</Approximate>
        <HistCounts>1|0|1|0|1|4|0|3|3|3|7|6|6|2|7|6|4|8|9|11|10|13|15|11|15|14|15|14|22|35|22|25|39|38|32|35|28|27|43|37|43|63|49|47|46|53|53|60|36|49|64|48|59|46|51|66|60|41|60|53|50|44|35|45|43|50|38|46|44|41|40|36|39|33|32|20|41|30|28|22|32|24|25|15|26|29|33|17|21|20|17|25|13|28|24|23|17|16|23|20|14|13|21|11|10|11|14|12|18|15|15|13|18|13|19|16|14|8|12|8|15|18|20|12|9|14|13|14|8|18|11|19|16|17|15|13|10|10|10|9|19|20|11|22|23|15|18|19|17|23|23|24|15|29|19|34|31|16|26|24|17|21|32|24|28|16|29|39|27|20|21|30|30|32|35|24|34|31|24|33|38|41|58|56|41|49|48|48|52|60|55|60|63|47|57|56|59|59|59|55|49|63|46|51|62|47|59|52|45|52|46|39|44|37|48|42|29|30|40|42|34|35|34|33|25|19|27|23|16|19|13|13|11|11|14|9|3|5|5|3|2|1|2|5|2|3|0|0|1|1|0|0|0|1|1|1</HistCounts>
      </HistItem>
    </Histograms>
    <Metadata>
      <MDI key="STATISTICS_MINIMUM">-0.54467368125916</MDI>
      <MDI key="STATISTICS_MAXIMUM">0.1878018528223</MDI>
      <MDI key="STATISTICS_MEAN">-0.1740030460654</MDI>
      <MDI key="STATISTICS_STDDEV">0.19428493523225</MDI>
      <MDI key="STATISTICS_MEDIAN">-0.151148</MDI>
      <MDI key="STATISTICS_COUNT">6701.000000</MDI>
      <MDI key="STATISTICS_SKIPFACTORX">1</MDI>
      <MDI key="STATISTICS_SKIPFACTORY">1</MDI>
      <MDI key="STATISTICS_EXCLUDEDVALUES"></MDI>
      <MDI key="STATISTICS_COVARIANCES">0.03774663605820074</MDI>
    </Metadata>
  </PAMRasterBand>
</PAMDataset>
