<PAMDataset>
  <PAMRasterBand band="1">
    <Description>Band_3</Description>
    <Histograms>
      <HistItem>
        <HistMin>-0.5529749393463135</HistMin>
        <HistMax>0.3769516944885254</HistMax>
        <BucketCount>256</BucketCount>
        <IncludeOutOfRange>1</IncludeOutOfRange>
        <Approximate>0</Approximate>
        <HistCounts>1|1|0|0|0|0|0|0|0|0|0|1|0|0|1|0|0|1|2|2|4|2|3|4|2|3|4|6|3|4|3|5|4|10|6|11|11|11|10|8|12|18|12|12|19|20|22|22|20|24|19|28|20|27|32|24|40|34|50|37|39|45|45|50|58|59|59|53|46|59|64|64|48|68|70|67|90|79|67|70|80|78|67|65|82|64|65|74|82|70|81|57|61|79|69|71|72|78|72|75|65|74|74|70|68|73|76|73|58|66|65|66|62|57|58|67|47|60|60|55|55|59|63|56|52|48|47|44|49|46|40|37|40|38|40|33|33|40|39|36|44|29|40|34|40|46|48|46|41|47|41|32|30|30|19|26|29|19|27|25|19|15|16|18|19|13|18|16|16|18|8|12|14|11|19|14|11|16|9|13|15|11|16|11|15|14|15|13|6|18|7|8|7|4|7|3|5|5|8|7|4|6|3|1|8|0|3|4|3|1|4|2|1|1|1|1|1|0|0|3|1|0|3|1|0|3|1|3|0|1|1|1|0|0|1|4|1|0|1|1|0|0|1|0|0|0|0|0|0|0|0|0|0|0|0|1</HistCounts>
      </HistItem>
    </Histograms>
    <Metadata>
      <MDI key="STATISTICS_MINIMUM">-0.55297493934631</MDI>
      <MDI key="STATISTICS_MAXIMUM">0.37695169448853</MDI>
      <MDI key="STATISTICS_MEAN">-0.16828521340196</MDI>
      <MDI key="STATISTICS_STDDEV">0.1360960484748</MDI>
      <MDI key="STATISTICS_MEDIAN">-0.184651</MDI>
      <MDI key="STATISTICS_COUNT">6701.000000</MDI>
      <MDI key="STATISTICS_SKIPFACTORX">1</MDI>
      <MDI key="STATISTICS_SKIPFACTORY">1</MDI>
      <MDI key="STATISTICS_EXCLUDEDVALUES"></MDI>
      <MDI key="STATISTICS_COVARIANCES">0.01852213441045479</MDI>
    </Metadata>
  </PAMRasterBand>
</PAMDataset>
