<PAMDataset>
  <PAMRasterBand band="1">
    <Description>Band_2</Description>
    <Histograms>
      <HistItem>
        <HistMin>-0.5395241975784302</HistMin>
        <HistMax>0.6881375908851624</HistMax>
        <BucketCount>256</BucketCount>
        <IncludeOutOfRange>1</IncludeOutOfRange>
        <Approximate>0</Approximate>
        <HistCounts>1|1|0|1|0|0|1|1|2|0|1|2|1|2|0|2|6|2|1|3|1|3|5|4|4|6|7|4|6|6|5|3|5|7|12|10|10|7|5|8|5|13|5|12|15|14|14|17|14|13|23|16|15|14|16|17|18|14|18|15|17|15|11|12|15|8|11|10|13|9|9|7|10|6|7|6|10|13|8|8|5|12|8|13|8|6|8|6|5|13|10|10|9|7|5|9|7|3|9|7|9|4|6|5|2|4|3|2|5|6|3|1|3|3|5|5|5|4|7|11|7|4|8|3|5|4|5|7|8|9|7|8|3|7|10|7|8|11|9|9|11|11|14|8|14|12|15|21|15|17|16|20|18|22|11|17|26|22|23|26|21|25|30|28|32|31|39|40|36|38|41|27|33|36|37|54|48|54|52|49|56|63|67|68|76|65|73|57|67|71|67|67|69|83|93|74|86|85|97|75|83|84|84|96|98|76|101|82|81|93|85|77|88|74|90|71|50|64|74|76|76|91|79|61|80|61|64|73|59|74|75|69|51|59|56|53|42|53|42|38|42|33|36|21|20|16|13|15|8|10|11|10|1|1|1|1</HistCounts>
      </HistItem>
    </Histograms>
    <Metadata>
      <MDI key="STATISTICS_MINIMUM">-0.53952419757843</MDI>
      <MDI key="STATISTICS_MAXIMUM">0.68813759088516</MDI>
      <MDI key="STATISTICS_MEAN">0.33739697817195</MDI>
      <MDI key="STATISTICS_STDDEV">0.25546613660758</MDI>
      <MDI key="STATISTICS_MEDIAN">0.408905</MDI>
      <MDI key="STATISTICS_COUNT">6701.000000</MDI>
      <MDI key="STATISTICS_SKIPFACTORX">1</MDI>
      <MDI key="STATISTICS_SKIPFACTORY">1</MDI>
      <MDI key="STATISTICS_EXCLUDEDVALUES"></MDI>
      <MDI key="STATISTICS_COVARIANCES">0.06526294695320056</MDI>
    </Metadata>
  </PAMRasterBand>
</PAMDataset>
