<PAMDataset>
  <PAMRasterBand band="1">
    <Description>Band_2</Description>
    <Histograms>
      <HistItem>
        <HistMin>-0.4505301415920258</HistMin>
        <HistMax>0.7074084877967834</HistMax>
        <BucketCount>256</BucketCount>
        <IncludeOutOfRange>1</IncludeOutOfRange>
        <Approximate>0</Approximate>
        <HistCounts>1|0|1|3|1|1|2|4|4|3|1|4|5|6|6|2|8|6|3|8|9|8|9|8|9|19|12|9|17|7|16|15|19|16|16|18|16|13|16|11|12|10|4|14|6|7|9|12|12|7|9|14|7|9|7|9|3|10|8|7|7|2|5|6|7|2|0|6|3|4|3|5|3|4|5|5|2|8|1|4|3|6|5|7|3|5|4|1|4|5|3|5|2|4|6|5|7|3|5|4|5|2|3|8|3|7|2|5|9|3|3|2|3|6|5|7|4|3|4|5|4|4|3|7|10|2|4|6|14|3|4|2|5|9|10|7|10|6|10|6|6|11|4|5|15|11|10|7|7|11|16|15|9|11|8|9|19|8|18|14|16|24|22|14|15|22|24|17|23|27|21|28|25|33|31|34|22|37|32|46|51|39|42|34|44|39|39|37|62|60|55|45|69|57|71|79|79|84|76|99|76|92|92|102|69|98|105|104|105|100|99|113|137|103|114|125|115|143|133|128|111|114|121|117|107|117|106|97|106|91|74|73|76|66|71|53|48|42|28|34|25|22|19|6|10|6|8|4|5|3|5|1|1|0|0|1</HistCounts>
      </HistItem>
    </Histograms>
    <Metadata>
      <MDI key="STATISTICS_MINIMUM">-0.45053014159203</MDI>
      <MDI key="STATISTICS_MAXIMUM">0.70740848779678</MDI>
      <MDI key="STATISTICS_MEAN">0.40274663436207</MDI>
      <MDI key="STATISTICS_STDDEV">0.24618928537387</MDI>
      <MDI key="STATISTICS_MEDIAN">0.484903</MDI>
      <MDI key="STATISTICS_COUNT">6701.000000</MDI>
      <MDI key="STATISTICS_SKIPFACTORX">1</MDI>
      <MDI key="STATISTICS_SKIPFACTORY">1</MDI>
      <MDI key="STATISTICS_EXCLUDEDVALUES"></MDI>
      <MDI key="STATISTICS_COVARIANCES">0.06060916423289837</MDI>
    </Metadata>
  </PAMRasterBand>
</PAMDataset>
