<PAMDataset>
  <PAMRasterBand band="1">
    <Description>Band_2</Description>
    <Histograms>
      <HistItem>
        <HistMin>-0.5395241975784302</HistMin>
        <HistMax>0.6881375908851624</HistMax>
        <BucketCount>256</BucketCount>
        <IncludeOutOfRange>1</IncludeOutOfRange>
        <Approximate>0</Approximate>
        <HistCounts>1|1|0|1|0|0|1|1|2|0|1|2|1|2|0|2|6|2|1|3|1|3|5|4|4|6|7|5|6|6|5|3|6|8|12|10|10|7|6|8|5|13|5|12|16|16|14|18|15|15|24|18|17|15|17|18|19|15|18|15|17|15|12|14|18|9|11|10|13|11|11|8|11|8|9|10|13|13|9|8|5|12|9|14|12|7|10|9|7|16|14|10|9|7|6|11|9|3|9|9|13|6|10|5|2|4|3|2|5|7|4|1|3|5|6|5|5|4|8|11|7|4|8|3|6|6|7|7|8|10|8|8|4|8|12|7|8|11|10|9|12|11|15|8|14|14|16|21|16|17|17|20|18|23|12|20|26|23|24|26|22|25|30|29|32|31|40|40|36|38|42|28|34|37|37|55|49|55|52|49|57|64|68|68|77|66|73|58|68|74|69|68|69|84|93|75|88|85|97|76|85|85|85|98|98|77|102|82|82|94|86|78|89|75|90|74|50|64|76|77|76|92|80|62|80|61|64|73|60|75|75|71|51|59|56|53|42|53|42|39|42|33|36|21|20|16|13|15|8|10|11|10|1|1|1|1</HistCounts>
      </HistItem>
    </Histograms>
    <Metadata>
      <MDI key="STATISTICS_MINIMUM">-0.53952419757843</MDI>
      <MDI key="STATISTICS_MAXIMUM">0.68813759088516</MDI>
      <MDI key="STATISTICS_MEAN">0.33072224486888</MDI>
      <MDI key="STATISTICS_STDDEV">0.25945752484999</MDI>
      <MDI key="STATISTICS_MEDIAN">0.404090</MDI>
      <MDI key="STATISTICS_COUNT">6873.000000</MDI>
      <MDI key="STATISTICS_SKIPFACTORX">1</MDI>
      <MDI key="STATISTICS_SKIPFACTORY">1</MDI>
      <MDI key="STATISTICS_EXCLUDEDVALUES"></MDI>
      <MDI key="STATISTICS_COVARIANCES">0.06731820720128423</MDI>
    </Metadata>
  </PAMRasterBand>
</PAMDataset>
