<PAMDataset>
  <PAMRasterBand band="1">
    <Description>Band_2</Description>
    <Histograms>
      <HistItem>
        <HistMin>-0.4505301415920258</HistMin>
        <HistMax>0.7074084877967834</HistMax>
        <BucketCount>256</BucketCount>
        <IncludeOutOfRange>1</IncludeOutOfRange>
        <Approximate>0</Approximate>
        <HistCounts>1|0|1|3|1|1|2|4|4|3|1|4|5|6|6|2|8|6|3|8|9|8|9|8|11|22|12|12|20|8|16|17|19|17|17|19|16|13|18|12|12|11|7|14|6|10|10|13|13|8|9|14|8|9|8|9|5|10|8|7|7|3|6|6|7|2|1|7|4|5|3|5|3|4|5|5|2|8|1|4|3|6|7|8|3|6|5|3|4|5|3|5|3|6|6|5|7|3|5|4|8|3|3|10|3|8|2|6|10|3|3|2|3|6|5|7|4|4|6|5|4|4|3|7|12|2|4|6|14|3|4|3|5|9|10|7|11|8|11|6|7|11|4|6|18|12|10|8|7|12|16|15|9|12|9|9|21|8|18|14|18|26|24|16|18|22|24|18|24|28|21|28|25|34|31|34|22|37|32|48|52|40|42|35|45|39|42|37|63|61|55|46|72|57|71|79|80|85|77|100|76|92|92|102|69|100|106|106|107|101|99|113|137|103|116|127|116|146|133|128|113|116|123|117|107|119|107|98|108|97|75|77|77|67|71|57|48|45|29|37|25|24|21|6|10|6|8|4|5|3|5|1|1|0|0|1</HistCounts>
      </HistItem>
    </Histograms>
    <Metadata>
      <MDI key="STATISTICS_MINIMUM">-0.45053014159203</MDI>
      <MDI key="STATISTICS_MAXIMUM">0.70740848779678</MDI>
      <MDI key="STATISTICS_MEAN">0.39811421896167</MDI>
      <MDI key="STATISTICS_STDDEV">0.25033384868219</MDI>
      <MDI key="STATISTICS_MEDIAN">0.484903</MDI>
      <MDI key="STATISTICS_COUNT">6873.000000</MDI>
      <MDI key="STATISTICS_SKIPFACTORX">1</MDI>
      <MDI key="STATISTICS_SKIPFACTORY">1</MDI>
      <MDI key="STATISTICS_EXCLUDEDVALUES"></MDI>
      <MDI key="STATISTICS_COVARIANCES">0.06266703579603732</MDI>
    </Metadata>
  </PAMRasterBand>
</PAMDataset>
