<?xml version="1.0" encoding="UTF-8"?>
<metadata xml:lang="en"><Esri><CreaDate>20251214</CreaDate><CreaTime>23543100</CreaTime><ArcGISFormat>1.0</ArcGISFormat><SyncOnce>TRUE</SyncOnce><DataProperties><lineage><Process ToolSource="c:\program files\arcgis\pro\Resources\ArcToolbox\toolboxes\3D Analyst Tools.tbx\RasterDomain" Date="20251214" Time="235431">RasterDomain "C:\Users\sri63\OneDrive - Iowa State University\Desktop\GIS_final_project\Resampled_Veg_Indices\TP1_Indices\TP1_20250715_NDVI.tif" "C:\Users\sri63\OneDrive - Iowa State University\Desktop\GIS_final_project\Temporal_Analysis_Output\TP1_grid.shp" POLYGON</Process></lineage></DataProperties></Esri></metadata>
