<PAMDataset>
  <PAMRasterBand band="1">
    <Histograms>
      <HistItem>
        <HistMin>0</HistMin>
        <HistMax>65200</HistMax>
        <BucketCount>256</BucketCount>
        <IncludeOutOfRange>1</IncludeOutOfRange>
        <Approximate>0</Approximate>
        <HistCounts>1652|0|0|0|0|0|0|0|0|0|0|0|0|0|0|0|0|0|0|0|0|0|0|0|0|0|0|0|1|4|5|5|23|20|36|28|46|41|63|61|60|60|77|80|68|66|72|45|70|67|69|75|71|60|82|57|81|60|64|60|66|79|56|64|55|67|61|67|57|65|71|69|77|66|66|79|84|92|99|91|95|110|96|96|112|121|120|127|116|120|126|134|138|155|153|161|145|147|140|167|149|143|190|143|180|155|180|180|161|169|194|169|158|151|158|172|146|136|154|148|156|142|141|149|125|143|143|132|119|134|107|125|115|112|115|111|89|111|87|104|92|93|99|69|76|60|78|81|79|79|58|72|54|57|45|50|49|48|43|52|39|42|35|36|35|31|35|30|27|24|31|22|22|20|19|26|11|15|22|18|12|8|13|10|10|14|7|12|4|12|7|7|5|2|7|3|2|5|3|3|4|4|2|3|1|0|1|0|2|1|3|1|0|1|0|1|0|0|0|1|0|2|0|1|0|1|0|0|0|0|0|0|0|0|0|1|0|0|0|0|0|0|0|0|0|0|0|0|0|0|0|0|1|1|0|1</HistCounts>
      </HistItem>
    </Histograms>
    <Metadata>
      <MDI key="STATISTICS_MINIMUM">0</MDI>
      <MDI key="STATISTICS_MAXIMUM">65200</MDI>
      <MDI key="STATISTICS_MEAN">23927.53062036</MDI>
      <MDI key="STATISTICS_STDDEV">11800.617751927</MDI>
      <MDI key="STATISTICS_MEDIAN">25824.313725</MDI>
      <MDI key="STATISTICS_COUNT">15088.000000</MDI>
      <MDI key="STATISTICS_SKIPFACTORX">1</MDI>
      <MDI key="STATISTICS_SKIPFACTORY">1</MDI>
      <MDI key="STATISTICS_EXCLUDEDVALUES"></MDI>
      <MDI key="STATISTICS_COVARIANCES">139254579.3270935</MDI>
    </Metadata>
  </PAMRasterBand>
</PAMDataset>
