<PAMDataset>
  <PAMRasterBand band="1">
    <Histograms>
      <HistItem>
        <HistMin>0</HistMin>
        <HistMax>62059</HistMax>
        <BucketCount>256</BucketCount>
        <IncludeOutOfRange>1</IncludeOutOfRange>
        <Approximate>0</Approximate>
        <HistCounts>1642|0|0|0|0|0|0|0|0|0|0|0|0|0|0|0|0|0|0|0|0|0|0|0|0|0|0|0|0|0|0|1|0|1|2|3|3|4|8|8|16|18|19|30|37|60|57|75|81|71|70|86|97|71|81|103|103|88|103|83|95|110|106|114|115|119|110|125|137|163|136|140|163|176|187|184|164|172|183|193|160|195|177|165|180|148|149|168|161|158|151|124|143|137|116|113|119|110|95|100|80|85|80|74|77|71|83|71|72|69|72|49|59|65|71|79|73|61|74|49|44|68|65|59|47|62|61|56|54|46|50|46|58|57|58|59|54|61|53|68|48|54|53|69|56|58|39|48|57|63|57|54|61|69|67|66|68|63|66|66|64|58|62|72|56|56|61|55|69|74|71|65|54|61|62|67|53|53|60|50|52|56|49|53|45|48|47|35|51|40|39|39|38|47|39|36|29|38|49|24|30|27|29|27|33|17|19|26|20|9|20|26|12|16|23|16|17|14|10|7|12|16|9|11|2|6|4|5|1|8|6|8|5|1|2|2|1|1|0|2|5|0|0|1|0|0|0|0|0|0|0|0|0|0|0|1</HistCounts>
      </HistItem>
    </Histograms>
    <Metadata>
      <MDI key="STATISTICS_MINIMUM">0</MDI>
      <MDI key="STATISTICS_MAXIMUM">62059</MDI>
      <MDI key="STATISTICS_MEAN">24013.940084836</MDI>
      <MDI key="STATISTICS_STDDEV">13457.737342828</MDI>
      <MDI key="STATISTICS_MEDIAN">21659.807843</MDI>
      <MDI key="STATISTICS_COUNT">15088.000000</MDI>
      <MDI key="STATISTICS_SKIPFACTORX">1</MDI>
      <MDI key="STATISTICS_SKIPFACTORY">1</MDI>
      <MDI key="STATISTICS_EXCLUDEDVALUES"></MDI>
      <MDI key="STATISTICS_COVARIANCES">181110694.3885349</MDI>
    </Metadata>
  </PAMRasterBand>
</PAMDataset>
