<PAMDataset>
  <PAMRasterBand band="1">
    <Histograms>
      <HistItem>
        <HistMin>0</HistMin>
        <HistMax>65517</HistMax>
        <BucketCount>256</BucketCount>
        <IncludeOutOfRange>1</IncludeOutOfRange>
        <Approximate>0</Approximate>
        <HistCounts>1641|0|0|0|0|0|0|0|0|0|0|0|0|0|0|0|0|0|0|0|1|5|25|44|67|93|128|139|132|150|140|143|156|149|164|164|167|180|160|160|173|165|168|169|161|183|176|168|172|156|156|168|170|145|135|163|125|146|143|132|127|121|115|105|120|107|95|96|99|90|85|85|85|74|64|84|80|68|71|69|80|71|62|69|75|83|76|58|54|71|65|80|89|71|80|78|65|73|76|76|75|74|89|82|83|85|72|74|76|71|71|68|64|63|75|73|72|85|58|81|66|65|71|62|75|63|73|79|65|64|53|71|54|70|63|68|70|72|70|62|57|76|60|62|52|70|63|67|56|46|64|46|40|50|40|57|33|39|33|36|37|40|34|39|39|27|25|31|17|30|18|24|24|16|24|14|18|20|12|18|16|19|10|11|15|7|11|4|4|12|16|6|1|7|11|4|5|5|9|1|3|4|5|1|4|2|3|4|1|2|2|2|2|0|0|1|0|4|2|0|0|1|0|1|1|2|0|0|2|0|1|0|0|0|0|0|0|1|0|0|0|0|0|2|1|0|0|1|0|0|0|0|0|2|1|1</HistCounts>
      </HistItem>
    </Histograms>
    <Metadata>
      <MDI key="STATISTICS_MINIMUM">0</MDI>
      <MDI key="STATISTICS_MAXIMUM">65517</MDI>
      <MDI key="STATISTICS_MEAN">18999.533138918</MDI>
      <MDI key="STATISTICS_STDDEV">12506.194561898</MDI>
      <MDI key="STATISTICS_MEDIAN">15929.623529</MDI>
      <MDI key="STATISTICS_COUNT">15088.000000</MDI>
      <MDI key="STATISTICS_SKIPFACTORX">1</MDI>
      <MDI key="STATISTICS_SKIPFACTORY">1</MDI>
      <MDI key="STATISTICS_EXCLUDEDVALUES"></MDI>
      <MDI key="STATISTICS_COVARIANCES">156404902.4200591</MDI>
    </Metadata>
  </PAMRasterBand>
</PAMDataset>
